table_catalog,table_schema,table_name,column_name,ordinal_position,is_nullable,data_type,is_generated,generation_expression,is_stored,is_hidden,is_updatable,is_system_defined,is_partitioning_column,clustering_ordinal_position
pushshift,rt_reddit,submissions,id,1,NO,INT64,NEVER,,,NO,,NO,NO,
pushshift,rt_reddit,submissions,created_utc,2,NO,TIMESTAMP,NEVER,,,NO,,NO,YES,
pushshift,rt_reddit,submissions,retrieved_on,3,YES,TIMESTAMP,NEVER,,,NO,,NO,NO,
pushshift,rt_reddit,submissions,subreddit_id,4,YES,INT64,NEVER,,,NO,,NO,NO,
pushshift,rt_reddit,submissions,domain,5,YES,STRING,NEVER,,,NO,,NO,NO,
pushshift,rt_reddit,submissions,contest_mode,6,YES,BOOL,NEVER,,,NO,,NO,NO,
pushshift,rt_reddit,submissions,over_18,7,YES,BOOL,NEVER,,,NO,,NO,NO,
pushshift,rt_reddit,submissions,media_only,8,YES,BOOL,NEVER,,,NO,,NO,NO,
pushshift,rt_reddit,submissions,locked,9,YES,BOOL,NEVER,,,NO,,NO,NO,
pushshift,rt_reddit,submissions,is_self,10,YES,BOOL,NEVER,,,NO,,NO,NO,
pushshift,rt_reddit,submissions,is_video,11,YES,BOOL,NEVER,,,NO,,NO,NO,
pushshift,rt_reddit,submissions,is_crosspostable,12,YES,BOOL,NEVER,,,NO,,NO,NO,
pushshift,rt_reddit,submissions,no_follow,13,YES,BOOL,NEVER,,,NO,,NO,NO,
pushshift,rt_reddit,submissions,send_replies,14,YES,BOOL,NEVER,,,NO,,NO,NO,
pushshift,rt_reddit,submissions,spoiler,15,YES,BOOL,NEVER,,,NO,,NO,NO,
pushshift,rt_reddit,submissions,pinned,16,YES,BOOL,NEVER,,,NO,,NO,NO,
pushshift,rt_reddit,submissions,author,17,YES,STRING,NEVER,,,NO,,NO,NO,
pushshift,rt_reddit,submissions,author_flair_css_class,18,YES,STRING,NEVER,,,NO,,NO,NO,
pushshift,rt_reddit,submissions,author_flair_text,19,YES,STRING,NEVER,,,NO,,NO,NO,
pushshift,rt_reddit,submissions,is_original_content,20,YES,BOOL,NEVER,,,NO,,NO,NO,
pushshift,rt_reddit,submissions,is_reddit_media_domain,21,YES,BOOL,NEVER,,,NO,,NO,NO,
pushshift,rt_reddit,submissions,link_flair_text,22,YES,STRING,NEVER,,,NO,,NO,NO,
pushshift,rt_reddit,submissions,link_flair_css_class,23,YES,STRING,NEVER,,,NO,,NO,NO,
pushshift,rt_reddit,submissions,title,24,YES,STRING,NEVER,,,NO,,NO,NO,
pushshift,rt_reddit,submissions,selftext,25,YES,STRING,NEVER,,,NO,,NO,NO,
pushshift,rt_reddit,submissions,subreddit,26,YES,STRING,NEVER,,,NO,,NO,NO,
pushshift,rt_reddit,submissions,thumbnail,27,YES,STRING,NEVER,,,NO,,NO,NO,
pushshift,rt_reddit,submissions,whitelist_status,28,YES,STRING,NEVER,,,NO,,NO,NO,
pushshift,rt_reddit,submissions,url,29,YES,STRING,NEVER,,,NO,,NO,NO,
pushshift,rt_reddit,submissions,subreddit_type,30,YES,STRING,NEVER,,,NO,,NO,NO,
pushshift,rt_reddit,submissions,subreddit_subscribers,31,YES,INT64,NEVER,,,NO,,NO,NO,
pushshift,rt_reddit,submissions,stickied,32,YES,BOOL,NEVER,,,NO,,NO,NO,
pushshift,rt_reddit,submissions,score,33,YES,INT64,NEVER,,,NO,,NO,NO,
pushshift,rt_reddit,submissions,rte_mode,34,YES,STRING,NEVER,,,NO,,NO,NO,
pushshift,rt_reddit,submissions,permalink,35,YES,STRING,NEVER,,,NO,,NO,NO,
pushshift,rt_reddit,submissions,parent_whitelist_status,36,YES,STRING,NEVER,,,NO,,NO,NO,
pushshift,rt_reddit,submissions,num_comments,37,YES,INT64,NEVER,,,NO,,NO,NO,
pushshift,rt_reddit,submissions,num_crossposts,38,YES,INT64,NEVER,,,NO,,NO,NO,
pushshift,rt_reddit,submissions,edited,39,YES,TIMESTAMP,NEVER,,,NO,,NO,NO,
pushshift,rt_reddit,submissions,suggested_sort,40,YES,STRING,NEVER,,,NO,,NO,NO,
pushshift,rt_reddit,submissions,thumbnail_height,41,YES,INT64,NEVER,,,NO,,NO,NO,
pushshift,rt_reddit,submissions,thumbnail_width,42,YES,INT64,NEVER,,,NO,,NO,NO,
pushshift,rt_reddit,submissions,post_hint,43,YES,STRING,NEVER,,,NO,,NO,NO,
pushshift,rt_reddit,submissions,distinguished,44,YES,STRING,NEVER,,,NO,,NO,NO,
pushshift,rt_reddit,submissions,gilded,45,YES,INT64,NEVER,,,NO,,NO,NO,
pushshift,rt_reddit,submissions,hide_score,46,YES,BOOL,NEVER,,,NO,,NO,NO,
pushshift,rt_reddit,submissions,removal_reason,47,YES,STRING,NEVER,,,NO,,NO,NO,
pushshift,rt_reddit,submissions,name,48,YES,STRING,NEVER,,,NO,,NO,NO,
pushshift,rt_reddit,submissions,can_gild,49,YES,BOOL,NEVER,,,NO,,NO,NO,
pushshift,rt_reddit,submissions,archived,50,YES,BOOL,NEVER,,,NO,,NO,NO,
pushshift,rt_reddit,submissions,brand_safe,51,YES,BOOL,NEVER,,,NO,,NO,NO,
pushshift,rt_reddit,submissions,json_extended,52,YES,STRING,NEVER,,,NO,,NO,NO,
pushshift,rt_reddit,submissions,pwls,53,YES,INT64,NEVER,,,NO,,NO,NO,
pushshift,rt_reddit,submissions,wls,54,YES,INT64,NEVER,,,NO,,NO,NO,
pushshift,rt_reddit,submissions,author_flair_background_color,55,YES,STRING,NEVER,,,NO,,NO,NO,
pushshift,rt_reddit,submissions,author_flair_template_id,56,YES,STRING,NEVER,,,NO,,NO,NO,
pushshift,rt_reddit,submissions,hidden,57,YES,BOOL,NEVER,,,NO,,NO,NO,
pushshift,rt_reddit,submissions,author_flair_text_color,58,YES,STRING,NEVER,,,NO,,NO,NO,
pushshift,rt_reddit,submissions,author_flair_type,59,YES,STRING,NEVER,,,NO,,NO,NO,
pushshift,rt_reddit,submissions,category,60,YES,STRING,NEVER,,,NO,,NO,NO,
pushshift,rt_reddit,submissions,link_flair_type,61,YES,STRING,NEVER,,,NO,,NO,NO,
pushshift,rt_reddit,submissions,post_categories,62,YES,STRING,NEVER,,,NO,,NO,NO,
pushshift,rt_reddit,submissions,quarantine,63,YES,BOOL,NEVER,,,NO,,NO,NO,
pushshift,rt_reddit,submissions,link_flair_text_color,64,YES,STRING,NEVER,,,NO,,NO,NO,
pushshift,rt_reddit,submissions,link_flair_background_color,65,YES,STRING,NEVER,,,NO,,NO,NO,
pushshift,rt_reddit,submissions,link_flair_template_id,66,YES,STRING,NEVER,,,NO,,NO,NO,
pushshift,rt_reddit,comments,author,1,NO,STRING,NEVER,,,NO,,NO,NO,
pushshift,rt_reddit,comments,author_flair_text,2,YES,STRING,NEVER,,,NO,,NO,NO,
pushshift,rt_reddit,comments,author_flair_css_class,3,YES,STRING,NEVER,,,NO,,NO,NO,
pushshift,rt_reddit,comments,body,4,NO,STRING,NEVER,,,NO,,NO,NO,
pushshift,rt_reddit,comments,created_utc,5,YES,TIMESTAMP,NEVER,,,NO,,NO,YES,
pushshift,rt_reddit,comments,subreddit,6,NO,STRING,NEVER,,,NO,,NO,NO,
pushshift,rt_reddit,comments,subreddit_id,7,NO,INT64,NEVER,,,NO,,NO,NO,
pushshift,rt_reddit,comments,parent_id,8,YES,STRING,NEVER,,,NO,,NO,NO,
pushshift,rt_reddit,comments,link_id,9,NO,STRING,NEVER,,,NO,,NO,NO,
pushshift,rt_reddit,comments,id,10,NO,INT64,NEVER,,,NO,,NO,NO,
pushshift,rt_reddit,comments,send_replies,11,YES,BOOL,NEVER,,,NO,,NO,NO,
pushshift,rt_reddit,comments,stickied,12,YES,BOOL,NEVER,,,NO,,NO,NO,
pushshift,rt_reddit,comments,subreddit_type,13,YES,STRING,NEVER,,,NO,,NO,NO,
pushshift,rt_reddit,comments,score,14,YES,INT64,NEVER,,,NO,,NO,NO,
pushshift,rt_reddit,comments,gilded,15,YES,INT64,NEVER,,,NO,,NO,NO,
pushshift,rt_reddit,comments,can_gild,16,YES,BOOL,NEVER,,,NO,,NO,NO,
pushshift,rt_reddit,comments,controversiality,17,YES,INT64,NEVER,,,NO,,NO,NO,
pushshift,rt_reddit,comments,is_submitter,18,YES,BOOL,NEVER,,,NO,,NO,NO,
pushshift,rt_reddit,comments,no_follow,19,YES,BOOL,NEVER,,,NO,,NO,NO,
pushshift,rt_reddit,comments,edited,20,YES,TIMESTAMP,NEVER,,,NO,,NO,NO,
pushshift,rt_reddit,comments,permalink,21,YES,STRING,NEVER,,,NO,,NO,NO,
pushshift,rt_reddit,comments,retrieved_on,22,YES,TIMESTAMP,NEVER,,,NO,,NO,NO,
pushshift,rt_reddit,comments,name,23,YES,STRING,NEVER,,,NO,,NO,NO,
